รหัสนักเรียน,1,2,3,4,5,6,7,8,9
31505,ส่งแล้ว,ส่งแล้ว,ส่งแล้ว,ส่งแล้ว,ส่งแล้ว,ส่งแล้ว,ส่งแล้ว,ส่งแล้ว,ส่งแล้ว
31506,ส่งแล้ว,ส่งแล้ว,ส่งแล้ว,ส่งแล้ว,ส่งแล้ว,ส่งแล้ว,ส่งแล้ว,ส่งแล้ว,ส่งแล้ว
31507,ส่งแล้ว,ส่งแล้ว,ส่งแล้ว,ส่งแล้ว,ส่งแล้ว,ส่งแล้ว,ส่งแล้ว,ส่งแล้ว,ส่งแล้ว
31508,ส่งแล้ว,ส่งแล้ว,ส่งแล้ว,ส่งแล้ว,ส่งแล้ว,ส่งแล้ว,ส่งแล้ว,ยังไม่ส่ง,ส่งแล้ว
31509,ส่งแล้ว,ส่งแล้ว,ส่งแล้ว,ส่งแล้ว,ส่งแล้ว,ส่งแล้ว,ส่งแล้ว,ส่งแล้ว,ส่งแล้ว
31510,ส่งแล้ว,ส่งแล้ว,ส่งแล้ว,ส่งแล้ว,ส่งแล้ว,ส่งแล้ว,ส่งแล้ว,ส่งแล้ว,ส่งแล้ว
31511,ส่งแล้ว,ส่งแล้ว,ส่งแล้ว,ส่งแล้ว,ส่งแล้ว,ส่งแล้ว,ส่งแล้ว,ส่งแล้ว,ส่งแล้ว
31512,ส่งแล้ว,ส่งแล้ว,ส่งแล้ว,ส่งแล้ว,ส่งแล้ว,ส่งแล้ว,ส่งแล้ว,ส่งแล้ว,ส่งแล้ว
31513,ส่งแล้ว,ส่งแล้ว,ส่งแล้ว,ส่งแล้ว,ส่งแล้ว,ส่งแล้ว,ส่งแล้ว,ส่งแล้ว,ส่งแล้ว
31514,ส่งแล้ว,ส่งแล้ว,ส่งแล้ว,ส่งแล้ว,ส่งแล้ว,ส่งแล้ว,ส่งแล้ว,ยังไม่ส่ง,ส่งแล้ว
31515,ส่งแล้ว,ส่งแล้ว,ส่งแล้ว,ส่งแล้ว,ส่งแล้ว,ส่งแล้ว,ส่งแล้ว,ส่งแล้ว,ส่งแล้ว
31516,ส่งแล้ว,ส่งแล้ว,ส่งแล้ว,ส่งแล้ว,ส่งแล้ว,ส่งแล้ว,ส่งแล้ว,ส่งแล้ว,ส่งแล้ว
31517,ส่งแล้ว,ส่งแล้ว,ส่งแล้ว,ส่งแล้ว,ส่งแล้ว,ยังไม่ส่ง,ยังไม่ส่ง,ส่งแล้ว,ยังไม่ส่ง
31518,ส่งแล้ว,ส่งแล้ว,ส่งแล้ว,ส่งแล้ว,ส่งแล้ว,ส่งแล้ว,ส่งแล้ว,ส่งแล้ว,ส่งแล้ว
31519,ส่งแล้ว,ส่งแล้ว,ส่งแล้ว,ส่งแล้ว,ส่งแล้ว,ยังไม่ส่ง,ยังไม่ส่ง,ยังไม่ส่ง,ยังไม่ส่ง
31520,ส่งแล้ว,ส่งแล้ว,ส่งแล้ว,ส่งแล้ว,ส่งแล้ว,ส่งแล้ว,ยังไม่ส่ง,ยังไม่ส่ง,ส่งแล้ว
31521,ส่งแล้ว,ส่งแล้ว,ส่งแล้ว,ส่งแล้ว,ส่งแล้ว,ส่งแล้ว,ส่งแล้ว,ส่งแล้ว,ส่งแล้ว
31522,ส่งแล้ว,ส่งแล้ว,ส่งแล้ว,ส่งแล้ว,ส่งแล้ว,ยังไม่ส่ง,ยังไม่ส่ง,ยังไม่ส่ง,ส่งแล้ว
31523,ส่งแล้ว,ส่งแล้ว,ส่งแล้ว,ส่งแล้ว,ส่งแล้ว,ส่งแล้ว,ส่งแล้ว,ส่งแล้ว,ส่งแล้ว
31524,ส่งแล้ว,ส่งแล้ว,ส่งแล้ว,ส่งแล้ว,ส่งแล้ว,ส่งแล้ว,ยังไม่ส่ง,ยังไม่ส่ง,ยังไม่ส่ง
31525,ส่งแล้ว,ส่งแล้ว,ส่งแล้ว,ส่งแล้ว,ส่งแล้ว,ส่งแล้ว,ส่งแล้ว,ส่งแล้ว,ส่งแล้ว
31526,ส่งแล้ว,ส่งแล้ว,ส่งแล้ว,ส่งแล้ว,ส่งแล้ว,ส่งแล้ว,ยังไม่ส่ง,ยังไม่ส่ง,ยังไม่ส่ง
31527,ส่งแล้ว,ส่งแล้ว,ส่งแล้ว,ส่งแล้ว,ส่งแล้ว,ส่งแล้ว,ส่งแล้ว,ส่งแล้ว,ส่งแล้ว
31528,ส่งแล้ว,ส่งแล้ว,ส่งแล้ว,ส่งแล้ว,ส่งแล้ว,ส่งแล้ว,ส่งแล้ว,ส่งแล้ว,ส่งแล้ว
31529,ส่งแล้ว,ส่งแล้ว,ส่งแล้ว,ส่งแล้ว,ส่งแล้ว,ส่งแล้ว,ส่งแล้ว,ส่งแล้ว,ส่งแล้ว
31530,ส่งแล้ว,ส่งแล้ว,ส่งแล้ว,ส่งแล้ว,ส่งแล้ว,ส่งแล้ว,ยังไม่ส่ง,ยังไม่ส่ง,ยังไม่ส่ง
31531,ส่งแล้ว,ส่งแล้ว,ส่งแล้ว,ส่งแล้ว,ส่งแล้ว,ส่งแล้ว,ส่งแล้ว,ส่งแล้ว,ส่งแล้ว
31532,ส่งแล้ว,ส่งแล้ว,ส่งแล้ว,ส่งแล้ว,ส่งแล้ว,ส่งแล้ว,ส่งแล้ว,ส่งแล้ว,ส่งแล้ว
31533,ส่งแล้ว,ส่งแล้ว,ส่งแล้ว,ส่งแล้ว,ส่งแล้ว,ส่งแล้ว,ส่งแล้ว,ส่งแล้ว,ส่งแล้ว
31534,ส่งแล้ว,ส่งแล้ว,ส่งแล้ว,ส่งแล้ว,ส่งแล้ว,ส่งแล้ว,ส่งแล้ว,ยังไม่ส่ง,ยังไม่ส่ง
31535,ส่งแล้ว,ส่งแล้ว,ส่งแล้ว,ส่งแล้ว,ส่งแล้ว,ส่งแล้ว,ส่งแล้ว,ส่งแล้ว,ส่งแล้ว
31536,ส่งแล้ว,ส่งแล้ว,ส่งแล้ว,ส่งแล้ว,ส่งแล้ว,ส่งแล้ว,ส่งแล้ว,ยังไม่ส่ง,ส่งแล้ว
31537,ส่งแล้ว,ส่งแล้ว,ส่งแล้ว,ส่งแล้ว,ส่งแล้ว,ส่งแล้ว,ส่งแล้ว,ส่งแล้ว,ส่งแล้ว
31538,ส่งแล้ว,ส่งแล้ว,ส่งแล้ว,ส่งแล้ว,ส่งแล้ว,ส่งแล้ว,ยังไม่ส่ง,ยังไม่ส่ง,ยังไม่ส่ง
31539,ส่งแล้ว,ส่งแล้ว,ส่งแล้ว,ส่งแล้ว,ส่งแล้ว,ส่งแล้ว,ส่งแล้ว,ส่งแล้ว,ยังไม่ส่ง
31540,ส่งแล้ว,ส่งแล้ว,ส่งแล้ว,ส่งแล้ว,ส่งแล้ว,ยังไม่ส่ง,ยังไม่ส่ง,ยังไม่ส่ง,ส่งแล้ว
31541,ส่งแล้ว,ส่งแล้ว,ส่งแล้ว,ส่งแล้ว,ส่งแล้ว,ยังไม่ส่ง,ยังไม่ส่ง,ยังไม่ส่ง,ส่งแล้ว
31542,ส่งแล้ว,ส่งแล้ว,ส่งแล้ว,ส่งแล้ว,ส่งแล้ว,ส่งแล้ว,ส่งแล้ว,ส่งแล้ว,ส่งแล้ว
31543,ส่งแล้ว,ส่งแล้ว,ส่งแล้ว,ส่งแล้ว,ส่งแล้ว,ส่งแล้ว,ส่งแล้ว,ส่งแล้ว,ส่งแล้ว
,,,,,,,,,
31544,ส่งแล้ว,ส่งแล้ว,ส่งแล้ว,ส่งแล้ว,ส่งแล้ว,ส่งแล้ว,ส่งแล้ว,ส่งแล้ว,ส่งแล้ว
31545,ส่งแล้ว,ส่งแล้ว,ส่งแล้ว,ส่งแล้ว,ส่งแล้ว,ส่งแล้ว,ยังไม่ส่ง,ยังไม่ส่ง,ส่งแล้ว
31546,ส่งแล้ว,ส่งแล้ว,ส่งแล้ว,ส่งแล้ว,ส่งแล้ว,ส่งแล้ว,ยังไม่ส่ง,ยังไม่ส่ง,ยังไม่ส่ง
31547,ส่งแล้ว,ส่งแล้ว,ยังไม่ส่ง,ยังไม่ส่ง,ส่งแล้ว,ยังไม่ส่ง,ยังไม่ส่ง,ยังไม่ส่ง,ยังไม่ส่ง
31548,ส่งแล้ว,ส่งแล้ว,ส่งแล้ว,ส่งแล้ว,ส่งแล้ว,ส่งแล้ว,ยังไม่ส่ง,ยังไม่ส่ง,ยังไม่ส่ง
31549,ส่งแล้ว,ส่งแล้ว,ส่งแล้ว,ส่งแล้ว,ส่งแล้ว,ส่งแล้ว,ส่งแล้ว,ส่งแล้ว,ยังไม่ส่ง
31550,ส่งแล้ว,ส่งแล้ว,ส่งแล้ว,ส่งแล้ว,ส่งแล้ว,ส่งแล้ว,ยังไม่ส่ง,ยังไม่ส่ง,ยังไม่ส่ง
31551,ส่งแล้ว,ส่งแล้ว,ส่งแล้ว,ส่งแล้ว,ส่งแล้ว,ส่งแล้ว,ส่งแล้ว,ส่งแล้ว,ส่งแล้ว
31552,ส่งแล้ว,ส่งแล้ว,ส่งแล้ว,ส่งแล้ว,ส่งแล้ว,ส่งแล้ว,ส่งแล้ว,ส่งแล้ว,ส่งแล้ว
31553,ส่งแล้ว,ส่งแล้ว,ส่งแล้ว,ส่งแล้ว,ส่งแล้ว,ส่งแล้ว,ส่งแล้ว,ส่งแล้ว,ส่งแล้ว
31554,ยังไม่ส่ง,ส่งแล้ว,ยังไม่ส่ง,ส่งแล้ว,ส่งแล้ว,ยังไม่ส่ง,ยังไม่ส่ง,ยังไม่ส่ง,ยังไม่ส่ง
31555,ส่งแล้ว,ส่งแล้ว,ส่งแล้ว,ส่งแล้ว,ส่งแล้ว,ส่งแล้ว,ส่งแล้ว,ส่งแล้ว,ส่งแล้ว
31556,ส่งแล้ว,ส่งแล้ว,ส่งแล้ว,ส่งแล้ว,ส่งแล้ว,ส่งแล้ว,ส่งแล้ว,ส่งแล้ว,ส่งแล้ว
31557,ส่งแล้ว,ส่งแล้ว,ส่งแล้ว,ส่งแล้ว,ส่งแล้ว,ส่งแล้ว,ส่งแล้ว,ส่งแล้ว,ส่งแล้ว
31558,ส่งแล้ว,ส่งแล้ว,ส่งแล้ว,ส่งแล้ว,ส่งแล้ว,ส่งแล้ว,ส่งแล้ว,ยังไม่ส่ง,ส่งแล้ว
31559,ส่งแล้ว,ส่งแล้ว,ส่งแล้ว,ส่งแล้ว,ส่งแล้ว,ยังไม่ส่ง,ยังไม่ส่ง,ยังไม่ส่ง,ส่งแล้ว
31560,ส่งแล้ว,ส่งแล้ว,ส่งแล้ว,ส่งแล้ว,ส่งแล้ว,ส่งแล้ว,ส่งแล้ว,ส่งแล้ว,ส่งแล้ว
31561,ส่งแล้ว,ส่งแล้ว,ส่งแล้ว,ส่งแล้ว,ส่งแล้ว,ส่งแล้ว,ยังไม่ส่ง,ยังไม่ส่ง,ยังไม่ส่ง
31562,ส่งแล้ว,ส่งแล้ว,ส่งแล้ว,ส่งแล้ว,ส่งแล้ว,ส่งแล้ว,ยังไม่ส่ง,ยังไม่ส่ง,ส่งแล้ว
31563,ส่งแล้ว,ส่งแล้ว,ส่งแล้ว,ส่งแล้ว,ส่งแล้ว,ส่งแล้ว,ส่งแล้ว,ส่งแล้ว,ส่งแล้ว
31564,ยังไม่ส่ง,ยังไม่ส่ง,ยังไม่ส่ง,ยังไม่ส่ง,ส่งแล้ว,ยังไม่ส่ง,ยังไม่ส่ง,ยังไม่ส่ง,ยังไม่ส่ง
31565,ยังไม่ส่ง,ยังไม่ส่ง,ยังไม่ส่ง,ยังไม่ส่ง,ส่งแล้ว,ส่งแล้ว,ยังไม่ส่ง,ยังไม่ส่ง,ยังไม่ส่ง
31566,ส่งแล้ว,ส่งแล้ว,ส่งแล้ว,ส่งแล้ว,ส่งแล้ว,ส่งแล้ว,ยังไม่ส่ง,ยังไม่ส่ง,ยังไม่ส่ง
31567,ส่งแล้ว,ยังไม่ส่ง,ส่งแล้ว,ส่งแล้ว,ส่งแล้ว,ส่งแล้ว,ยังไม่ส่ง,ยังไม่ส่ง,ยังไม่ส่ง
31568,ส่งแล้ว,ส่งแล้ว,ส่งแล้ว,ส่งแล้ว,ส่งแล้ว,ส่งแล้ว,ส่งแล้ว,ส่งแล้ว,ส่งแล้ว
31569,ส่งแล้ว,ส่งแล้ว,ส่งแล้ว,ส่งแล้ว,ส่งแล้ว,ส่งแล้ว,ส่งแล้ว,ส่งแล้ว,ส่งแล้ว
31570,ส่งแล้ว,ส่งแล้ว,ส่งแล้ว,ส่งแล้ว,ส่งแล้ว,ส่งแล้ว,ยังไม่ส่ง,ยังไม่ส่ง,ยังไม่ส่ง
31571,ส่งแล้ว,ส่งแล้ว,ส่งแล้ว,ส่งแล้ว,ส่งแล้ว,ส่งแล้ว,ส่งแล้ว,ส่งแล้ว,ส่งแล้ว
31572,ส่งแล้ว,ส่งแล้ว,ส่งแล้ว,ส่งแล้ว,ส่งแล้ว,ส่งแล้ว,ยังไม่ส่ง,ยังไม่ส่ง,ส่งแล้ว
31573,ส่งแล้ว,ส่งแล้ว,ส่งแล้ว,ส่งแล้ว,ส่งแล้ว,ส่งแล้ว,ยังไม่ส่ง,ยังไม่ส่ง,ยังไม่ส่ง
31574,ส่งแล้ว,ส่งแล้ว,ส่งแล้ว,ส่งแล้ว,ส่งแล้ว,ส่งแล้ว,ยังไม่ส่ง,ยังไม่ส่ง,ส่งแล้ว
31575,ส่งแล้ว,ส่งแล้ว,ส่งแล้ว,ส่งแล้ว,ส่งแล้ว,ส่งแล้ว,ยังไม่ส่ง,ส่งแล้ว,ส่งแล้ว
31576,ส่งแล้ว,ส่งแล้ว,ส่งแล้ว,ส่งแล้ว,ส่งแล้ว,ส่งแล้ว,ยังไม่ส่ง,ยังไม่ส่ง,ยังไม่ส่ง
31577,ยังไม่ส่ง,ส่งแล้ว,ยังไม่ส่ง,ยังไม่ส่ง,ส่งแล้ว,ยังไม่ส่ง,ยังไม่ส่ง,ยังไม่ส่ง,ยังไม่ส่ง
31578,ยังไม่ส่ง,ยังไม่ส่ง,ยังไม่ส่ง,ยังไม่ส่ง,ส่งแล้ว,ยังไม่ส่ง,ยังไม่ส่ง,ยังไม่ส่ง,ยังไม่ส่ง
31579,ส่งแล้ว,ส่งแล้ว,ส่งแล้ว,ส่งแล้ว,ส่งแล้ว,ส่งแล้ว,ส่งแล้ว,ยังไม่ส่ง,ส่งแล้ว
31580,ส่งแล้ว,ส่งแล้ว,ส่งแล้ว,ส่งแล้ว,ส่งแล้ว,ส่งแล้ว,ยังไม่ส่ง,ยังไม่ส่ง,ส่งแล้ว
,,,,,,,,,
31581,ส่งแล้ว,ส่งแล้ว,ส่งแล้ว,ส่งแล้ว,ส่งแล้ว,ส่งแล้ว,ส่งแล้ว,ส่งแล้ว,ส่งแล้ว
31582,ยังไม่ส่ง,ยังไม่ส่ง,ยังไม่ส่ง,ยังไม่ส่ง,ส่งแล้ว,ส่งแล้ว,ยังไม่ส่ง,ยังไม่ส่ง,ยังไม่ส่ง
31583,ส่งแล้ว,ส่งแล้ว,ส่งแล้ว,ส่งแล้ว,ส่งแล้ว,ส่งแล้ว,ส่งแล้ว,ส่งแล้ว,ส่งแล้ว
31584,ยังไม่ส่ง,ยังไม่ส่ง,ยังไม่ส่ง,ยังไม่ส่ง,ส่งแล้ว,ส่งแล้ว,ยังไม่ส่ง,ยังไม่ส่ง,ยังไม่ส่ง
31585,ส่งแล้ว,ส่งแล้ว,ส่งแล้ว,ส่งแล้ว,ส่งแล้ว,ส่งแล้ว,ส่งแล้ว,ส่งแล้ว,ส่งแล้ว
31586,ส่งแล้ว,ส่งแล้ว,ส่งแล้ว,ส่งแล้ว,ส่งแล้ว,ส่งแล้ว,ส่งแล้ว,ส่งแล้ว,ส่งแล้ว
31587,ส่งแล้ว,ส่งแล้ว,ส่งแล้ว,ส่งแล้ว,ส่งแล้ว,ส่งแล้ว,ส่งแล้ว,ส่งแล้ว,ส่งแล้ว
31588,ส่งแล้ว,ส่งแล้ว,ส่งแล้ว,ส่งแล้ว,ส่งแล้ว,ยังไม่ส่ง,ยังไม่ส่ง,ยังไม่ส่ง,ยังไม่ส่ง
31589,ยังไม่ส่ง,ยังไม่ส่ง,ยังไม่ส่ง,ยังไม่ส่ง,ส่งแล้ว,ยังไม่ส่ง,ยังไม่ส่ง,ยังไม่ส่ง,ยังไม่ส่ง
31590,ส่งแล้ว,ส่งแล้ว,ส่งแล้ว,ส่งแล้ว,ส่งแล้ว,ยังไม่ส่ง,ยังไม่ส่ง,ยังไม่ส่ง,ยังไม่ส่ง
31591,ส่งแล้ว,ส่งแล้ว,ส่งแล้ว,ส่งแล้ว,ส่งแล้ว,ส่งแล้ว,ยังไม่ส่ง,ยังไม่ส่ง,ยังไม่ส่ง
31592,ยังไม่ส่ง,ยังไม่ส่ง,ยังไม่ส่ง,ยังไม่ส่ง,ส่งแล้ว,ส่งแล้ว,ยังไม่ส่ง,ยังไม่ส่ง,ยังไม่ส่ง
31593,ส่งแล้ว,ส่งแล้ว,ส่งแล้ว,ส่งแล้ว,ส่งแล้ว,ส่งแล้ว,ยังไม่ส่ง,ยังไม่ส่ง,ยังไม่ส่ง
31594,ส่งแล้ว,ส่งแล้ว,ส่งแล้ว,ส่งแล้ว,ส่งแล้ว,ส่งแล้ว,ส่งแล้ว,ส่งแล้ว,ส่งแล้ว
31595,ยังไม่ส่ง,ยังไม่ส่ง,ยังไม่ส่ง,ยังไม่ส่ง,ส่งแล้ว,ยังไม่ส่ง,ยังไม่ส่ง,ส่งแล้ว,ยังไม่ส่ง
31596,ยังไม่ส่ง,ยังไม่ส่ง,ยังไม่ส่ง,ยังไม่ส่ง,ส่งแล้ว,ส่งแล้ว,ยังไม่ส่ง,ยังไม่ส่ง,ยังไม่ส่ง
31597,ส่งแล้ว,ส่งแล้ว,ส่งแล้ว,ส่งแล้ว,ส่งแล้ว,ยังไม่ส่ง,ยังไม่ส่ง,ยังไม่ส่ง,ส่งแล้ว
31598,ส่งแล้ว,ส่งแล้ว,ส่งแล้ว,ส่งแล้ว,ส่งแล้ว,ยังไม่ส่ง,ยังไม่ส่ง,ยังไม่ส่ง,ส่งแล้ว
31599,ส่งแล้ว,ส่งแล้ว,ส่งแล้ว,ส่งแล้ว,ส่งแล้ว,ส่งแล้ว,ยังไม่ส่ง,ยังไม่ส่ง,ยังไม่ส่ง
31600,ส่งแล้ว,,ส่งแล้ว,ส่งแล้ว,ส่งแล้ว,ยังไม่ส่ง,ยังไม่ส่ง,ยังไม่ส่ง,ยังไม่ส่ง
31601,ส่งแล้ว,ส่งแล้ว,ส่งแล้ว,ส่งแล้ว,ส่งแล้ว,ส่งแล้ว,ส่งแล้ว,ส่งแล้ว,ส่งแล้ว
31602,ยังไม่ส่ง,ยังไม่ส่ง,ยังไม่ส่ง,ยังไม่ส่ง,ส่งแล้ว,ยังไม่ส่ง,ยังไม่ส่ง,ยังไม่ส่ง,ยังไม่ส่ง
31603,ส่งแล้ว,ส่งแล้ว,ส่งแล้ว,ส่งแล้ว,ส่งแล้ว,ส่งแล้ว,ยังไม่ส่ง,ส่งแล้ว,ยังไม่ส่ง
31604,ส่งแล้ว,ส่งแล้ว,ส่งแล้ว,ส่งแล้ว,ส่งแล้ว,ส่งแล้ว,ส่งแล้ว,ส่งแล้ว,ส่งแล้ว
31605,,,,,ส่งแล้ว,ยังไม่ส่ง,ยังไม่ส่ง,ยังไม่ส่ง,ยังไม่ส่ง
31606,ส่งแล้ว,ส่งแล้ว,ส่งแล้ว,ส่งแล้ว,ส่งแล้ว,ส่งแล้ว,ส่งแล้ว,ส่งแล้ว,ส่งแล้ว
31607,,,,,ส่งแล้ว,ยังไม่ส่ง,ยังไม่ส่ง,ยังไม่ส่ง,ส่งแล้ว
31608,ส่งแล้ว,ส่งแล้ว,ส่งแล้ว,ส่งแล้ว,ส่งแล้ว,ส่งแล้ว,ส่งแล้ว,ส่งแล้ว,ส่งแล้ว
31609,ส่งแล้ว,ส่งแล้ว,ส่งแล้ว,ส่งแล้ว,ส่งแล้ว,ส่งแล้ว,ยังไม่ส่ง,ส่งแล้ว,ส่งแล้ว
31610,ส่งแล้ว,ส่งแล้ว,ส่งแล้ว,ส่งแล้ว,ส่งแล้ว,ส่งแล้ว,ส่งแล้ว,ส่งแล้ว,ยังไม่ส่ง
31611,ส่งแล้ว,ส่งแล้ว,ส่งแล้ว,ส่งแล้ว,ส่งแล้ว,ส่งแล้ว,ยังไม่ส่ง,ยังไม่ส่ง,ยังไม่ส่ง
31612,ส่งแล้ว,ส่งแล้ว,ส่งแล้ว,ส่งแล้ว,ส่งแล้ว,ส่งแล้ว,ส่งแล้ว,ส่งแล้ว,ส่งแล้ว
31613,,,,ส่งแล้ว,ส่งแล้ว,ส่งแล้ว,ยังไม่ส่ง,ยังไม่ส่ง,ยังไม่ส่ง
31614,,,,,ส่งแล้ว,ส่งแล้ว,ยังไม่ส่ง,ยังไม่ส่ง,ยังไม่ส่ง
31615,,,,,ส่งแล้ว,ยังไม่ส่ง,ยังไม่ส่ง,ยังไม่ส่ง,ยังไม่ส่ง
31616,ส่งแล้ว,ส่งแล้ว,ส่งแล้ว,ส่งแล้ว,ส่งแล้ว,ยังไม่ส่ง,ยังไม่ส่ง,ยังไม่ส่ง,ยังไม่ส่ง
31617,ส่งแล้ว,ส่งแล้ว,ส่งแล้ว,ส่งแล้ว,ส่งแล้ว,ส่งแล้ว,ยังไม่ส่ง,ยังไม่ส่ง,ส่งแล้ว
31618,ยังไม่ส่ง,ยังไม่ส่ง,ยังไม่ส่ง,ยังไม่ส่ง,ยังไม่ส่ง,ยังไม่ส่ง,ยังไม่ส่ง,ยังไม่ส่ง,ยังไม่ส่ง
,,,,,,,,,
31619,ส่งแล้ว,,ส่งแล้ว,ส่งแล้ว,ส่งแล้ว,ยังไม่ส่ง,ยังไม่ส่ง,ยังไม่ส่ง,ยังไม่ส่ง
31620,ส่งแล้ว,ส่งแล้ว,ส่งแล้ว,ส่งแล้ว,ส่งแล้ว,ส่งแล้ว,ส่งแล้ว,ยังไม่ส่ง,ยังไม่ส่ง
31621,ส่งแล้ว,ส่งแล้ว,ส่งแล้ว,ส่งแล้ว,ส่งแล้ว,ส่งแล้ว,ส่งแล้ว,ส่งแล้ว,ส่งแล้ว
31622,ส่งแล้ว,ส่งแล้ว,ส่งแล้ว,ส่งแล้ว,ส่งแล้ว,ยังไม่ส่ง,ยังไม่ส่ง,ยังไม่ส่ง,ยังไม่ส่ง
31623,ยังไม่ส่ง,ยังไม่ส่ง,ยังไม่ส่ง,ยังไม่ส่ง,ส่งแล้ว,ยังไม่ส่ง,ยังไม่ส่ง,ยังไม่ส่ง,ยังไม่ส่ง
31624,ยังไม่ส่ง,ยังไม่ส่ง,ยังไม่ส่ง,ยังไม่ส่ง,ส่งแล้ว,ยังไม่ส่ง,ยังไม่ส่ง,ยังไม่ส่ง,ยังไม่ส่ง
31625,ส่งแล้ว,ส่งแล้ว,ส่งแล้ว,ส่งแล้ว,ส่งแล้ว,ส่งแล้ว,ส่งแล้ว,ส่งแล้ว,ส่งแล้ว
31626,ยังไม่ส่ง,ยังไม่ส่ง,ยังไม่ส่ง,ยังไม่ส่ง,ส่งแล้ว,ยังไม่ส่ง,ยังไม่ส่ง,ยังไม่ส่ง,ยังไม่ส่ง
31981,ยังไม่ส่ง,ยังไม่ส่ง,ยังไม่ส่ง,ยังไม่ส่ง,ยังไม่ส่ง,ยังไม่ส่ง,ยังไม่ส่ง,ยังไม่ส่ง,ยังไม่ส่ง
31627,ยังไม่ส่ง,,ยังไม่ส่ง,ยังไม่ส่ง,ส่งแล้ว,ยังไม่ส่ง,ยังไม่ส่ง,ยังไม่ส่ง,ยังไม่ส่ง
31628,ส่งแล้ว,ส่งแล้ว,ส่งแล้ว,ส่งแล้ว,ส่งแล้ว,ส่งแล้ว,ยังไม่ส่ง,ยังไม่ส่ง,ยังไม่ส่ง
31629,ส่งแล้ว,ส่งแล้ว,ส่งแล้ว,ส่งแล้ว,ส่งแล้ว,ส่งแล้ว,ส่งแล้ว,ส่งแล้ว,ส่งแล้ว
31630,ส่งแล้ว,ส่งแล้ว,ส่งแล้ว,ส่งแล้ว,ส่งแล้ว,ยังไม่ส่ง,ยังไม่ส่ง,ยังไม่ส่ง,ยังไม่ส่ง
31631,ยังไม่ส่ง,ยังไม่ส่ง,ยังไม่ส่ง,ยังไม่ส่ง,ส่งแล้ว,ยังไม่ส่ง,ยังไม่ส่ง,ยังไม่ส่ง,ยังไม่ส่ง
31632,ส่งแล้ว,ส่งแล้ว,ยังไม่ส่ง,ยังไม่ส่ง,ส่งแล้ว,ยังไม่ส่ง,ยังไม่ส่ง,ยังไม่ส่ง,ยังไม่ส่ง
31633,ส่งแล้ว,,ยังไม่ส่ง,ยังไม่ส่ง,ส่งแล้ว,ส่งแล้ว,ยังไม่ส่ง,ยังไม่ส่ง,ส่งแล้ว
31634,ส่งแล้ว,ส่งแล้ว,ส่งแล้ว,ส่งแล้ว,ส่งแล้ว,ยังไม่ส่ง,ยังไม่ส่ง,ยังไม่ส่ง,ยังไม่ส่ง
31635,ส่งแล้ว,ส่งแล้ว,ส่งแล้ว,ส่งแล้ว,ส่งแล้ว,ส่งแล้ว,ส่งแล้ว,ส่งแล้ว,ส่งแล้ว
31636,ยังไม่ส่ง,ยังไม่ส่ง,ยังไม่ส่ง,ยังไม่ส่ง,ส่งแล้ว,ยังไม่ส่ง,ยังไม่ส่ง,ยังไม่ส่ง,ยังไม่ส่ง
31637,ส่งแล้ว,,ยังไม่ส่ง,ยังไม่ส่ง,ส่งแล้ว,ยังไม่ส่ง,ยังไม่ส่ง,ยังไม่ส่ง,ยังไม่ส่ง
31638,ส่งแล้ว,ส่งแล้ว,ส่งแล้ว,ส่งแล้ว,ส่งแล้ว,ส่งแล้ว,ส่งแล้ว,ส่งแล้ว,ส่งแล้ว
31639,ยังไม่ส่ง,ยังไม่ส่ง,ยังไม่ส่ง,ยังไม่ส่ง,ส่งแล้ว,ยังไม่ส่ง,ยังไม่ส่ง,ยังไม่ส่ง,ยังไม่ส่ง
31640,ยังไม่ส่ง,ยังไม่ส่ง,ยังไม่ส่ง,ยังไม่ส่ง,ยังไม่ส่ง,ยังไม่ส่ง,ยังไม่ส่ง,ยังไม่ส่ง,ยังไม่ส่ง
31641,ส่งแล้ว,,ยังไม่ส่ง,ยังไม่ส่ง,ส่งแล้ว,ยังไม่ส่ง,ยังไม่ส่ง,ยังไม่ส่ง,ยังไม่ส่ง
31642,ยังไม่ส่ง,ยังไม่ส่ง,ยังไม่ส่ง,ยังไม่ส่ง,ส่งแล้ว,ยังไม่ส่ง,ยังไม่ส่ง,ยังไม่ส่ง,ยังไม่ส่ง
31643,ยังไม่ส่ง,ยังไม่ส่ง,ยังไม่ส่ง,ยังไม่ส่ง,ยังไม่ส่ง,ยังไม่ส่ง,ยังไม่ส่ง,ยังไม่ส่ง,ยังไม่ส่ง
31644,ส่งแล้ว,ส่งแล้ว,ส่งแล้ว,ส่งแล้ว,ส่งแล้ว,ยังไม่ส่ง,ยังไม่ส่ง,ยังไม่ส่ง,ยังไม่ส่ง
31645,ส่งแล้ว,ส่งแล้ว,ส่งแล้ว,ส่งแล้ว,ส่งแล้ว,ยังไม่ส่ง,ยังไม่ส่ง,ยังไม่ส่ง,ยังไม่ส่ง
31646,ส่งแล้ว,ส่งแล้ว,ส่งแล้ว,ส่งแล้ว,ส่งแล้ว,ยังไม่ส่ง,ยังไม่ส่ง,ยังไม่ส่ง,ยังไม่ส่ง
31647,ยังไม่ส่ง,ยังไม่ส่ง,ยังไม่ส่ง,ยังไม่ส่ง,ส่งแล้ว,ยังไม่ส่ง,ยังไม่ส่ง,ยังไม่ส่ง,ยังไม่ส่ง
31648,ยังไม่ส่ง,ยังไม่ส่ง,ยังไม่ส่ง,ยังไม่ส่ง,ส่งแล้ว,ยังไม่ส่ง,ยังไม่ส่ง,ยังไม่ส่ง,ยังไม่ส่ง
31649,ยังไม่ส่ง,ยังไม่ส่ง,ยังไม่ส่ง,ยังไม่ส่ง,ส่งแล้ว,ยังไม่ส่ง,ยังไม่ส่ง,ยังไม่ส่ง,ยังไม่ส่ง
31650,ส่งแล้ว,ส่งแล้ว,ยังไม่ส่ง,ยังไม่ส่ง,ส่งแล้ว,ยังไม่ส่ง,ยังไม่ส่ง,ยังไม่ส่ง,ยังไม่ส่ง
31651,ยังไม่ส่ง,ยังไม่ส่ง,ยังไม่ส่ง,ยังไม่ส่ง,ส่งแล้ว,ยังไม่ส่ง,ยังไม่ส่ง,ยังไม่ส่ง,ยังไม่ส่ง
31652,ยังไม่ส่ง,ยังไม่ส่ง,ยังไม่ส่ง,ยังไม่ส่ง,ยังไม่ส่ง,ยังไม่ส่ง,ยังไม่ส่ง,ยังไม่ส่ง,ยังไม่ส่ง
31653,ส่งแล้ว,ส่งแล้ว,ยังไม่ส่ง,ยังไม่ส่ง,ส่งแล้ว,ส่งแล้ว,ยังไม่ส่ง,ยังไม่ส่ง,ยังไม่ส่ง
31654,ส่งแล้ว,ส่งแล้ว,,ส่งแล้ว,ส่งแล้ว,ยังไม่ส่ง,ยังไม่ส่ง,ยังไม่ส่ง,ยังไม่ส่ง
31655,ส่งแล้ว,ส่งแล้ว,ส่งแล้ว,ส่งแล้ว,ส่งแล้ว,ส่งแล้ว,ส่งแล้ว,ส่งแล้ว,ยังไม่ส่ง
31656,ยังไม่ส่ง,ยังไม่ส่ง,ยังไม่ส่ง,ยังไม่ส่ง,ส่งแล้ว,ยังไม่ส่ง,ยังไม่ส่ง,ยังไม่ส่ง,ยังไม่ส่ง
,,,,,,,,,
31657,ส่งแล้ว,ส่งแล้ว,ส่งแล้ว,ส่งแล้ว,ส่งแล้ว,ยังไม่ส่ง,ยังไม่ส่ง,ยังไม่ส่ง,ยังไม่ส่ง
31658,ส่งแล้ว,ส่งแล้ว,ส่งแล้ว,ส่งแล้ว,ส่งแล้ว,ยังไม่ส่ง,ยังไม่ส่ง,ยังไม่ส่ง,ยังไม่ส่ง
31659,ส่งแล้ว,ส่งแล้ว,ส่งแล้ว,ส่งแล้ว,ส่งแล้ว,ยังไม่ส่ง,ยังไม่ส่ง,ยังไม่ส่ง,ยังไม่ส่ง
31660,ส่งแล้ว,ส่งแล้ว,ส่งแล้ว,ส่งแล้ว,ส่งแล้ว,ยังไม่ส่ง,ยังไม่ส่ง,ยังไม่ส่ง,ยังไม่ส่ง
31661,ส่งแล้ว,ส่งแล้ว,,ส่งแล้ว,ส่งแล้ว,ยังไม่ส่ง,ยังไม่ส่ง,ยังไม่ส่ง,ยังไม่ส่ง
31662,ส่งแล้ว,ส่งแล้ว,ส่งแล้ว,ส่งแล้ว,ส่งแล้ว,ส่งแล้ว,ส่งแล้ว,ส่งแล้ว,ส่งแล้ว
31663,ส่งแล้ว,,ยังไม่ส่ง,ยังไม่ส่ง,ส่งแล้ว,ยังไม่ส่ง,ยังไม่ส่ง,ยังไม่ส่ง,ยังไม่ส่ง
31664,ส่งแล้ว,,ยังไม่ส่ง,ยังไม่ส่ง,ส่งแล้ว,ยังไม่ส่ง,ยังไม่ส่ง,ยังไม่ส่ง,ยังไม่ส่ง
31665,ยังไม่ส่ง,ยังไม่ส่ง,ยังไม่ส่ง,ยังไม่ส่ง,ส่งแล้ว,ยังไม่ส่ง,ส่งแล้ว,ส่งแล้ว,ส่งแล้ว
31666,ส่งแล้ว,ส่งแล้ว,ส่งแล้ว,ส่งแล้ว,ส่งแล้ว,ส่งแล้ว,ส่งแล้ว,ส่งแล้ว,ส่งแล้ว
31667,ส่งแล้ว,,ยังไม่ส่ง,ยังไม่ส่ง,ส่งแล้ว,ยังไม่ส่ง,ยังไม่ส่ง,ยังไม่ส่ง,ยังไม่ส่ง
31668,ส่งแล้ว,ส่งแล้ว,ส่งแล้ว,ส่งแล้ว,ส่งแล้ว,ส่งแล้ว,ส่งแล้ว,ส่งแล้ว,ส่งแล้ว
31669,ยังไม่ส่ง,ยังไม่ส่ง,ยังไม่ส่ง,ยังไม่ส่ง,ส่งแล้ว,ยังไม่ส่ง,ยังไม่ส่ง,ยังไม่ส่ง,ยังไม่ส่ง
31670,ส่งแล้ว,ส่งแล้ว,ส่งแล้ว,ส่งแล้ว,ส่งแล้ว,ยังไม่ส่ง,ยังไม่ส่ง,ยังไม่ส่ง,ยังไม่ส่ง
31671,ส่งแล้ว,ส่งแล้ว,ส่งแล้ว,ส่งแล้ว,ส่งแล้ว,ยังไม่ส่ง,ยังไม่ส่ง,ยังไม่ส่ง,ยังไม่ส่ง
31672,ส่งแล้ว,ส่งแล้ว,,ส่งแล้ว,ส่งแล้ว,ยังไม่ส่ง,ยังไม่ส่ง,ยังไม่ส่ง,ยังไม่ส่ง
31673,ส่งแล้ว,ส่งแล้ว,ส่งแล้ว,ส่งแล้ว,ส่งแล้ว,ส่งแล้ว,ยังไม่ส่ง,ส่งแล้ว,ยังไม่ส่ง
31674,ยังไม่ส่ง,ยังไม่ส่ง,,ส่งแล้ว,ส่งแล้ว,ยังไม่ส่ง,ยังไม่ส่ง,ยังไม่ส่ง,ยังไม่ส่ง
31675,ส่งแล้ว,ส่งแล้ว,ส่งแล้ว,ส่งแล้ว,ส่งแล้ว,ส่งแล้ว,ยังไม่ส่ง,ส่งแล้ว,ยังไม่ส่ง
31676,ส่งแล้ว,,ยังไม่ส่ง,ยังไม่ส่ง,ส่งแล้ว,ยังไม่ส่ง,ยังไม่ส่ง,ยังไม่ส่ง,ยังไม่ส่ง
31677,ส่งแล้ว,,ส่งแล้ว,ส่งแล้ว,ส่งแล้ว,ส่งแล้ว,ยังไม่ส่ง,ยังไม่ส่ง,ยังไม่ส่ง
31678,ส่งแล้ว,ส่งแล้ว,ส่งแล้ว,ส่งแล้ว,ส่งแล้ว,ส่งแล้ว,ส่งแล้ว,ส่งแล้ว,ส่งแล้ว
31679,ส่งแล้ว,ส่งแล้ว,ส่งแล้ว,ส่งแล้ว,ส่งแล้ว,ส่งแล้ว,ส่งแล้ว,ส่งแล้ว,ส่งแล้ว
31680,ส่งแล้ว,ส่งแล้ว,ส่งแล้ว,ส่งแล้ว,ส่งแล้ว,ส่งแล้ว,ส่งแล้ว,ส่งแล้ว,ส่งแล้ว
31681,ส่งแล้ว,ส่งแล้ว,ส่งแล้ว,ส่งแล้ว,ส่งแล้ว,ส่งแล้ว,ส่งแล้ว,ส่งแล้ว,ส่งแล้ว
31682,ยังไม่ส่ง,ยังไม่ส่ง,ยังไม่ส่ง,ยังไม่ส่ง,ส่งแล้ว,ส่งแล้ว,ยังไม่ส่ง,ยังไม่ส่ง,ยังไม่ส่ง
31683,ส่งแล้ว,ส่งแล้ว,ส่งแล้ว,ส่งแล้ว,ส่งแล้ว,ส่งแล้ว,ส่งแล้ว,ส่งแล้ว,ส่งแล้ว
31684,ส่งแล้ว,ส่งแล้ว,ส่งแล้ว,ส่งแล้ว,ส่งแล้ว,ยังไม่ส่ง,ยังไม่ส่ง,ยังไม่ส่ง,ยังไม่ส่ง
31685,ส่งแล้ว,,ยังไม่ส่ง,ยังไม่ส่ง,ส่งแล้ว,ส่งแล้ว,ยังไม่ส่ง,ยังไม่ส่ง,ยังไม่ส่ง
31686,ยังไม่ส่ง,ยังไม่ส่ง,ยังไม่ส่ง,ยังไม่ส่ง,ส่งแล้ว,ส่งแล้ว,ยังไม่ส่ง,ยังไม่ส่ง,ยังไม่ส่ง
31687,ยังไม่ส่ง,ยังไม่ส่ง,ยังไม่ส่ง,ยังไม่ส่ง,ส่งแล้ว,ยังไม่ส่ง,ยังไม่ส่ง,ยังไม่ส่ง,ยังไม่ส่ง
31688,ยังไม่ส่ง,ยังไม่ส่ง,ยังไม่ส่ง,ยังไม่ส่ง,ส่งแล้ว,ยังไม่ส่ง,ยังไม่ส่ง,ยังไม่ส่ง,ยังไม่ส่ง
31689,ส่งแล้ว,,ยังไม่ส่ง,ยังไม่ส่ง,ส่งแล้ว,ยังไม่ส่ง,ยังไม่ส่ง,ยังไม่ส่ง,ยังไม่ส่ง
31690,ส่งแล้ว,ส่งแล้ว,ส่งแล้ว,ส่งแล้ว,ส่งแล้ว,ส่งแล้ว,ยังไม่ส่ง,ยังไม่ส่ง,ยังไม่ส่ง
31691,ส่งแล้ว,ส่งแล้ว,ส่งแล้ว,ส่งแล้ว,ส่งแล้ว,ส่งแล้ว,ส่งแล้ว,ส่งแล้ว,ส่งแล้ว
31692,ส่งแล้ว,ส่งแล้ว,ส่งแล้ว,ส่งแล้ว,ส่งแล้ว,ยังไม่ส่ง,ยังไม่ส่ง,ยังไม่ส่ง,ยังไม่ส่ง
31693,ส่งแล้ว,ส่งแล้ว,ส่งแล้ว,ส่งแล้ว,ส่งแล้ว,ส่งแล้ว,ส่งแล้ว,ส่งแล้ว,ส่งแล้ว
31694,ส่งแล้ว,,ยังไม่ส่ง,ยังไม่ส่ง,ส่งแล้ว,ยังไม่ส่ง,ยังไม่ส่ง,ยังไม่ส่ง,ยังไม่ส่ง
,,,,,,,,,
31695,ยังไม่ส่ง,ยังไม่ส่ง,ยังไม่ส่ง,ยังไม่ส่ง,ส่งแล้ว,ยังไม่ส่ง,ยังไม่ส่ง,ยังไม่ส่ง,ยังไม่ส่ง
31696,ส่งแล้ว,ส่งแล้ว,ส่งแล้ว,ส่งแล้ว,ส่งแล้ว,ยังไม่ส่ง,ยังไม่ส่ง,ยังไม่ส่ง,ยังไม่ส่ง
31697,ยังไม่ส่ง,ยังไม่ส่ง,ยังไม่ส่ง,ยังไม่ส่ง,ส่งแล้ว,ยังไม่ส่ง,ยังไม่ส่ง,ยังไม่ส่ง,ยังไม่ส่ง
31698,ยังไม่ส่ง,ยังไม่ส่ง,ยังไม่ส่ง,ยังไม่ส่ง,ส่งแล้ว,ยังไม่ส่ง,ยังไม่ส่ง,ยังไม่ส่ง,ยังไม่ส่ง
31699,ส่งแล้ว,ส่งแล้ว,ส่งแล้ว,ส่งแล้ว,ส่งแล้ว,ยังไม่ส่ง,ยังไม่ส่ง,ยังไม่ส่ง,ยังไม่ส่ง
31700,ส่งแล้ว,ส่งแล้ว,ส่งแล้ว,ส่งแล้ว,ส่งแล้ว,ยังไม่ส่ง,ยังไม่ส่ง,ยังไม่ส่ง,ยังไม่ส่ง
31701,ยังไม่ส่ง,ยังไม่ส่ง,ยังไม่ส่ง,ยังไม่ส่ง,ส่งแล้ว,ยังไม่ส่ง,ยังไม่ส่ง,ยังไม่ส่ง,ส่งแล้ว
31702,ส่งแล้ว,ส่งแล้ว,ส่งแล้ว,ส่งแล้ว,ส่งแล้ว,ส่งแล้ว,ส่งแล้ว,ส่งแล้ว,ส่งแล้ว
31703,ยังไม่ส่ง,ยังไม่ส่ง,ยังไม่ส่ง,ยังไม่ส่ง,ส่งแล้ว,ยังไม่ส่ง,ยังไม่ส่ง,ยังไม่ส่ง,ยังไม่ส่ง
31704,ยังไม่ส่ง,ยังไม่ส่ง,ยังไม่ส่ง,ยังไม่ส่ง,ส่งแล้ว,ส่งแล้ว,ยังไม่ส่ง,ยังไม่ส่ง,ยังไม่ส่ง
31705,ยังไม่ส่ง,ยังไม่ส่ง,ยังไม่ส่ง,ยังไม่ส่ง,ส่งแล้ว,ยังไม่ส่ง,ยังไม่ส่ง,ยังไม่ส่ง,ยังไม่ส่ง
31706,ส่งแล้ว,,ยังไม่ส่ง,ยังไม่ส่ง,ส่งแล้ว,ยังไม่ส่ง,ยังไม่ส่ง,ยังไม่ส่ง,ยังไม่ส่ง
31707,ส่งแล้ว,ส่งแล้ว,ส่งแล้ว,ส่งแล้ว,ส่งแล้ว,ส่งแล้ว,ยังไม่ส่ง,ยังไม่ส่ง,ยังไม่ส่ง
31708,ยังไม่ส่ง,ยังไม่ส่ง,ยังไม่ส่ง,ยังไม่ส่ง,ส่งแล้ว,ส่งแล้ว,ยังไม่ส่ง,ยังไม่ส่ง,ยังไม่ส่ง
31709,ส่งแล้ว,ส่งแล้ว,ส่งแล้ว,ส่งแล้ว,ส่งแล้ว,ยังไม่ส่ง,ยังไม่ส่ง,ยังไม่ส่ง,ยังไม่ส่ง
31710,ส่งแล้ว,,,ส่งแล้ว,ส่งแล้ว,ยังไม่ส่ง,ยังไม่ส่ง,ยังไม่ส่ง,ยังไม่ส่ง
31711,ยังไม่ส่ง,ยังไม่ส่ง,ยังไม่ส่ง,ยังไม่ส่ง,ส่งแล้ว,ยังไม่ส่ง,ยังไม่ส่ง,ยังไม่ส่ง,ยังไม่ส่ง
31712,ยังไม่ส่ง,ยังไม่ส่ง,ยังไม่ส่ง,ยังไม่ส่ง,ส่งแล้ว,ยังไม่ส่ง,ยังไม่ส่ง,ยังไม่ส่ง,ยังไม่ส่ง
31713,ส่งแล้ว,ส่งแล้ว,ส่งแล้ว,ส่งแล้ว,ส่งแล้ว,ส่งแล้ว,ยังไม่ส่ง,ยังไม่ส่ง,ยังไม่ส่ง
31714,ส่งแล้ว,,ยังไม่ส่ง,ยังไม่ส่ง,ส่งแล้ว,ยังไม่ส่ง,ยังไม่ส่ง,ยังไม่ส่ง,ยังไม่ส่ง
31715,ยังไม่ส่ง,ยังไม่ส่ง,ยังไม่ส่ง,ยังไม่ส่ง,ส่งแล้ว,ยังไม่ส่ง,ยังไม่ส่ง,ยังไม่ส่ง,ส่งแล้ว
31716,ส่งแล้ว,ส่งแล้ว,ส่งแล้ว,ส่งแล้ว,ส่งแล้ว,ยังไม่ส่ง,ยังไม่ส่ง,ส่งแล้ว,ส่งแล้ว
31717,ส่งแล้ว,ส่งแล้ว,ส่งแล้ว,ส่งแล้ว,ส่งแล้ว,ส่งแล้ว,ยังไม่ส่ง,ยังไม่ส่ง,ยังไม่ส่ง
31718,ส่งแล้ว,ส่งแล้ว,,ส่งแล้ว,ส่งแล้ว,ยังไม่ส่ง,ยังไม่ส่ง,ยังไม่ส่ง,ส่งแล้ว
31719,ยังไม่ส่ง,ยังไม่ส่ง,ยังไม่ส่ง,ยังไม่ส่ง,ส่งแล้ว,ส่งแล้ว,ส่งแล้ว,ยังไม่ส่ง,ยังไม่ส่ง
31720,ยังไม่ส่ง,ยังไม่ส่ง,ยังไม่ส่ง,ยังไม่ส่ง,ส่งแล้ว,ยังไม่ส่ง,ยังไม่ส่ง,ยังไม่ส่ง,ยังไม่ส่ง
31721,ยังไม่ส่ง,ยังไม่ส่ง,ยังไม่ส่ง,ยังไม่ส่ง,ส่งแล้ว,ยังไม่ส่ง,ยังไม่ส่ง,ยังไม่ส่ง,ยังไม่ส่ง
31722,ยังไม่ส่ง,ยังไม่ส่ง,ยังไม่ส่ง,ยังไม่ส่ง,ส่งแล้ว,ยังไม่ส่ง,ยังไม่ส่ง,ยังไม่ส่ง,ยังไม่ส่ง
31723,ยังไม่ส่ง,ยังไม่ส่ง,ยังไม่ส่ง,ยังไม่ส่ง,ส่งแล้ว,ยังไม่ส่ง,ยังไม่ส่ง,ยังไม่ส่ง,ยังไม่ส่ง
31724,ส่งแล้ว,,ส่งแล้ว,ส่งแล้ว,ส่งแล้ว,ส่งแล้ว,ยังไม่ส่ง,ยังไม่ส่ง,ยังไม่ส่ง
31725,ส่งแล้ว,ส่งแล้ว,ส่งแล้ว,ยังไม่ส่ง,ส่งแล้ว,ยังไม่ส่ง,ส่งแล้ว,ยังไม่ส่ง,ยังไม่ส่ง
31726,ส่งแล้ว,ส่งแล้ว,ส่งแล้ว,ส่งแล้ว,ส่งแล้ว,ยังไม่ส่ง,ยังไม่ส่ง,ยังไม่ส่ง,ยังไม่ส่ง
31727,ยังไม่ส่ง,ยังไม่ส่ง,ยังไม่ส่ง,ยังไม่ส่ง,ส่งแล้ว,ยังไม่ส่ง,ยังไม่ส่ง,ยังไม่ส่ง,ยังไม่ส่ง
31728,ส่งแล้ว,,ยังไม่ส่ง,ยังไม่ส่ง,ส่งแล้ว,ยังไม่ส่ง,ยังไม่ส่ง,ยังไม่ส่ง,ยังไม่ส่ง
31729,ส่งแล้ว,ส่งแล้ว,ส่งแล้ว,ส่งแล้ว,ส่งแล้ว,ยังไม่ส่ง,ยังไม่ส่ง,ยังไม่ส่ง,ยังไม่ส่ง
31730,ส่งแล้ว,ส่งแล้ว,ส่งแล้ว,ส่งแล้ว,ส่งแล้ว,ส่งแล้ว,ส่งแล้ว,ยังไม่ส่ง,ส่งแล้ว
31731,ยังไม่ส่ง,ยังไม่ส่ง,ยังไม่ส่ง,ยังไม่ส่ง,ส่งแล้ว,ยังไม่ส่ง,ยังไม่ส่ง,ยังไม่ส่ง,ยังไม่ส่ง
31732,ยังไม่ส่ง,ยังไม่ส่ง,ยังไม่ส่ง,ยังไม่ส่ง,ส่งแล้ว,ส่งแล้ว,ยังไม่ส่ง,ยังไม่ส่ง,ยังไม่ส่ง
31733,,,ยังไม่ส่ง,ยังไม่ส่ง,ส่งแล้ว,ยังไม่ส่ง,ยังไม่ส่ง,ยังไม่ส่ง,ยังไม่ส่ง
,,,,,,,,,
31734,ยังไม่ส่ง,ยังไม่ส่ง,ยังไม่ส่ง,ยังไม่ส่ง,ส่งแล้ว,ยังไม่ส่ง,ยังไม่ส่ง,ยังไม่ส่ง,ยังไม่ส่ง
31735,ส่งแล้ว,ส่งแล้ว,ส่งแล้ว,ส่งแล้ว,ส่งแล้ว,ส่งแล้ว,ยังไม่ส่ง,ส่งแล้ว,ยังไม่ส่ง
31736,ยังไม่ส่ง,ยังไม่ส่ง,ยังไม่ส่ง,ยังไม่ส่ง,ส่งแล้ว,ยังไม่ส่ง,ยังไม่ส่ง,ยังไม่ส่ง,ยังไม่ส่ง
31737,ส่งแล้ว,ส่งแล้ว,ยังไม่ส่ง,ยังไม่ส่ง,ส่งแล้ว,ยังไม่ส่ง,ยังไม่ส่ง,ยังไม่ส่ง,ยังไม่ส่ง
31738,ส่งแล้ว,ส่งแล้ว,ส่งแล้ว,ส่งแล้ว,ส่งแล้ว,ส่งแล้ว,ส่งแล้ว,ส่งแล้ว,ส่งแล้ว
31739,ยังไม่ส่ง,ยังไม่ส่ง,ยังไม่ส่ง,ยังไม่ส่ง,ส่งแล้ว,ยังไม่ส่ง,ยังไม่ส่ง,ยังไม่ส่ง,ยังไม่ส่ง
31740,ส่งแล้ว,ส่งแล้ว,ส่งแล้ว,ส่งแล้ว,ส่งแล้ว,ส่งแล้ว,ส่งแล้ว,ส่งแล้ว,ส่งแล้ว
31741,ส่งแล้ว,ส่งแล้ว,ส่งแล้ว,ส่งแล้ว,ส่งแล้ว,ส่งแล้ว,ส่งแล้ว,ส่งแล้ว,ส่งแล้ว
31742,ยังไม่ส่ง,ยังไม่ส่ง,ยังไม่ส่ง,ส่งแล้ว,ส่งแล้ว,ส่งแล้ว,ยังไม่ส่ง,ยังไม่ส่ง,ส่งแล้ว
31743,ส่งแล้ว,ส่งแล้ว,ส่งแล้ว,ส่งแล้ว,ส่งแล้ว,ส่งแล้ว,ยังไม่ส่ง,ยังไม่ส่ง,ยังไม่ส่ง
31744,ยังไม่ส่ง,ยังไม่ส่ง,ยังไม่ส่ง,ยังไม่ส่ง,ส่งแล้ว,ยังไม่ส่ง,ยังไม่ส่ง,ยังไม่ส่ง,ยังไม่ส่ง
31745,ยังไม่ส่ง,ยังไม่ส่ง,ยังไม่ส่ง,ยังไม่ส่ง,ส่งแล้ว,ยังไม่ส่ง,ยังไม่ส่ง,ยังไม่ส่ง,ยังไม่ส่ง
31746,ยังไม่ส่ง,ยังไม่ส่ง,ยังไม่ส่ง,ยังไม่ส่ง,ส่งแล้ว,ยังไม่ส่ง,ยังไม่ส่ง,ยังไม่ส่ง,ยังไม่ส่ง
31747,ส่งแล้ว,ส่งแล้ว,ยังไม่ส่ง,ยังไม่ส่ง,ส่งแล้ว,ยังไม่ส่ง,ยังไม่ส่ง,ยังไม่ส่ง,ยังไม่ส่ง
31748,ส่งแล้ว,,ยังไม่ส่ง,ยังไม่ส่ง,ส่งแล้ว,ยังไม่ส่ง,ยังไม่ส่ง,ยังไม่ส่ง,ยังไม่ส่ง
31749,ส่งแล้ว,ส่งแล้ว,ยังไม่ส่ง,ส่งแล้ว,ส่งแล้ว,ยังไม่ส่ง,ยังไม่ส่ง,ยังไม่ส่ง,ยังไม่ส่ง
31750,ยังไม่ส่ง,ยังไม่ส่ง,ยังไม่ส่ง,ยังไม่ส่ง,ส่งแล้ว,ยังไม่ส่ง,ยังไม่ส่ง,ยังไม่ส่ง,ยังไม่ส่ง
31751,ยังไม่ส่ง,ยังไม่ส่ง,ยังไม่ส่ง,ยังไม่ส่ง,ส่งแล้ว,ยังไม่ส่ง,ยังไม่ส่ง,ยังไม่ส่ง,ยังไม่ส่ง
31752,ส่งแล้ว,ส่งแล้ว,ส่งแล้ว,ส่งแล้ว,ส่งแล้ว,ส่งแล้ว,ยังไม่ส่ง,ยังไม่ส่ง,ยังไม่ส่ง
31753,ยังไม่ส่ง,ยังไม่ส่ง,ยังไม่ส่ง,ยังไม่ส่ง,ส่งแล้ว,ยังไม่ส่ง,ยังไม่ส่ง,ยังไม่ส่ง,ยังไม่ส่ง
31754,ยังไม่ส่ง,ยังไม่ส่ง,ยังไม่ส่ง,ยังไม่ส่ง,ส่งแล้ว,ยังไม่ส่ง,ยังไม่ส่ง,ยังไม่ส่ง,ยังไม่ส่ง
31755,ส่งแล้ว,ส่งแล้ว,ส่งแล้ว,ส่งแล้ว,ส่งแล้ว,ส่งแล้ว,ยังไม่ส่ง,ยังไม่ส่ง,ส่งแล้ว
31756,ยังไม่ส่ง,ยังไม่ส่ง,ยังไม่ส่ง,ยังไม่ส่ง,ส่งแล้ว,ยังไม่ส่ง,ยังไม่ส่ง,ยังไม่ส่ง,ยังไม่ส่ง
31757,,ส่งแล้ว,ยังไม่ส่ง,ส่งแล้ว,ส่งแล้ว,ยังไม่ส่ง,ยังไม่ส่ง,ยังไม่ส่ง,ยังไม่ส่ง
31758,ส่งแล้ว,ส่งแล้ว,ส่งแล้ว,ส่งแล้ว,ส่งแล้ว,ส่งแล้ว,ส่งแล้ว,ส่งแล้ว,ส่งแล้ว
31759,ส่งแล้ว,ส่งแล้ว,ส่งแล้ว,ส่งแล้ว,ส่งแล้ว,ยังไม่ส่ง,ยังไม่ส่ง,ยังไม่ส่ง,ส่งแล้ว
31760,ยังไม่ส่ง,ยังไม่ส่ง,ยังไม่ส่ง,ยังไม่ส่ง,ส่งแล้ว,ยังไม่ส่ง,ยังไม่ส่ง,ยังไม่ส่ง,ยังไม่ส่ง
31761,ส่งแล้ว,ส่งแล้ว,ส่งแล้ว,ส่งแล้ว,ส่งแล้ว,ยังไม่ส่ง,ยังไม่ส่ง,ยังไม่ส่ง,ยังไม่ส่ง
31762,ส่งแล้ว,ส่งแล้ว,ส่งแล้ว,ส่งแล้ว,ส่งแล้ว,ยังไม่ส่ง,ยังไม่ส่ง,ยังไม่ส่ง,ยังไม่ส่ง
31763,ส่งแล้ว,ส่งแล้ว,ส่งแล้ว,ส่งแล้ว,ส่งแล้ว,ส่งแล้ว,ยังไม่ส่ง,ส่งแล้ว,ยังไม่ส่ง
31764,ส่งแล้ว,,ยังไม่ส่ง,ยังไม่ส่ง,ส่งแล้ว,ยังไม่ส่ง,ยังไม่ส่ง,ยังไม่ส่ง,ยังไม่ส่ง
31765,ส่งแล้ว,ส่งแล้ว,ส่งแล้ว,ส่งแล้ว,ส่งแล้ว,ส่งแล้ว,ส่งแล้ว,ส่งแล้ว,ส่งแล้ว
31766,ส่งแล้ว,ส่งแล้ว,ยังไม่ส่ง,ยังไม่ส่ง,ส่งแล้ว,ยังไม่ส่ง,ยังไม่ส่ง,ยังไม่ส่ง,ยังไม่ส่ง
31767,ส่งแล้ว,,ยังไม่ส่ง,ยังไม่ส่ง,ส่งแล้ว,ยังไม่ส่ง,ยังไม่ส่ง,ยังไม่ส่ง,ยังไม่ส่ง
31768,ส่งแล้ว,ส่งแล้ว,ยังไม่ส่ง,ยังไม่ส่ง,ส่งแล้ว,ยังไม่ส่ง,ยังไม่ส่ง,ยังไม่ส่ง,ยังไม่ส่ง
31769,ยังไม่ส่ง,ยังไม่ส่ง,ยังไม่ส่ง,ยังไม่ส่ง,ส่งแล้ว,ยังไม่ส่ง,ยังไม่ส่ง,ยังไม่ส่ง,ยังไม่ส่ง
31770,ส่งแล้ว,,ยังไม่ส่ง,ยังไม่ส่ง,ส่งแล้ว,ส่งแล้ว,ยังไม่ส่ง,ยังไม่ส่ง,ยังไม่ส่ง
31771,ยังไม่ส่ง,ยังไม่ส่ง,ยังไม่ส่ง,ยังไม่ส่ง,ส่งแล้ว,ยังไม่ส่ง,ยังไม่ส่ง,ยังไม่ส่ง,ยังไม่ส่ง
31772,ยังไม่ส่ง,ยังไม่ส่ง,ยังไม่ส่ง,ยังไม่ส่ง,ส่งแล้ว,ยังไม่ส่ง,ยังไม่ส่ง,ยังไม่ส่ง,ยังไม่ส่ง
,,,,,,,,,
31773,ยังไม่ส่ง,ยังไม่ส่ง,ยังไม่ส่ง,ยังไม่ส่ง,ส่งแล้ว,ยังไม่ส่ง,ยังไม่ส่ง,ยังไม่ส่ง,ยังไม่ส่ง
31774,ยังไม่ส่ง,ยังไม่ส่ง,ยังไม่ส่ง,ยังไม่ส่ง,ยังไม่ส่ง,ยังไม่ส่ง,ยังไม่ส่ง,ยังไม่ส่ง,ยังไม่ส่ง
31775,ยังไม่ส่ง,ยังไม่ส่ง,ยังไม่ส่ง,ยังไม่ส่ง,ส่งแล้ว,ยังไม่ส่ง,ยังไม่ส่ง,ยังไม่ส่ง,ยังไม่ส่ง
31776,ส่งแล้ว,ส่งแล้ว,ส่งแล้ว,ส่งแล้ว,ส่งแล้ว,ยังไม่ส่ง,ยังไม่ส่ง,ยังไม่ส่ง,ยังไม่ส่ง
31777,ยังไม่ส่ง,ยังไม่ส่ง,ยังไม่ส่ง,ยังไม่ส่ง,ส่งแล้ว,ยังไม่ส่ง,ยังไม่ส่ง,ยังไม่ส่ง,ยังไม่ส่ง
31778,ส่งแล้ว,ส่งแล้ว,ส่งแล้ว,ส่งแล้ว,ส่งแล้ว,ยังไม่ส่ง,ยังไม่ส่ง,ยังไม่ส่ง,ส่งแล้ว
31779,ส่งแล้ว,ส่งแล้ว,ส่งแล้ว,ส่งแล้ว,ส่งแล้ว,ยังไม่ส่ง,ยังไม่ส่ง,ยังไม่ส่ง,ยังไม่ส่ง
31780,ส่งแล้ว,ส่งแล้ว,ส่งแล้ว,ส่งแล้ว,ส่งแล้ว,ยังไม่ส่ง,ยังไม่ส่ง,ยังไม่ส่ง,ยังไม่ส่ง
31781,ส่งแล้ว,ส่งแล้ว,ส่งแล้ว,ส่งแล้ว,ส่งแล้ว,ยังไม่ส่ง,ยังไม่ส่ง,ยังไม่ส่ง,ยังไม่ส่ง
31782,ส่งแล้ว,ส่งแล้ว,ยังไม่ส่ง,ยังไม่ส่ง,ส่งแล้ว,ยังไม่ส่ง,ยังไม่ส่ง,ยังไม่ส่ง,ยังไม่ส่ง
31783,ส่งแล้ว,ส่งแล้ว,ส่งแล้ว,ส่งแล้ว,ส่งแล้ว,ส่งแล้ว,ส่งแล้ว,ส่งแล้ว,ส่งแล้ว
31784,ส่งแล้ว,ส่งแล้ว,ส่งแล้ว,ส่งแล้ว,ส่งแล้ว,ส่งแล้ว,ส่งแล้ว,ส่งแล้ว,ยังไม่ส่ง
31785,ส่งแล้ว,ส่งแล้ว,ส่งแล้ว,ส่งแล้ว,ส่งแล้ว,ยังไม่ส่ง,ยังไม่ส่ง,ยังไม่ส่ง,ยังไม่ส่ง
31786,ส่งแล้ว,ส่งแล้ว,ส่งแล้ว,ส่งแล้ว,ส่งแล้ว,ส่งแล้ว,ส่งแล้ว,ยังไม่ส่ง,ยังไม่ส่ง
31787,ส่งแล้ว,ส่งแล้ว,ส่งแล้ว,ส่งแล้ว,ส่งแล้ว,ยังไม่ส่ง,ส่งแล้ว,ยังไม่ส่ง,ยังไม่ส่ง
31788,ส่งแล้ว,ส่งแล้ว,ส่งแล้ว,ส่งแล้ว,ส่งแล้ว,ยังไม่ส่ง,ยังไม่ส่ง,ยังไม่ส่ง,ยังไม่ส่ง
31789,ส่งแล้ว,ส่งแล้ว,ส่งแล้ว,ส่งแล้ว,ส่งแล้ว,ยังไม่ส่ง,ยังไม่ส่ง,ส่งแล้ว,ยังไม่ส่ง
31790,ส่งแล้ว,ส่งแล้ว,ส่งแล้ว,ส่งแล้ว,ส่งแล้ว,ส่งแล้ว,ส่งแล้ว,ยังไม่ส่ง,ยังไม่ส่ง
31791,ยังไม่ส่ง,ยังไม่ส่ง,ยังไม่ส่ง,ยังไม่ส่ง,ส่งแล้ว,ยังไม่ส่ง,ยังไม่ส่ง,ยังไม่ส่ง,ยังไม่ส่ง
31792,ยังไม่ส่ง,ยังไม่ส่ง,ยังไม่ส่ง,ยังไม่ส่ง,ส่งแล้ว,ยังไม่ส่ง,ยังไม่ส่ง,ยังไม่ส่ง,ยังไม่ส่ง
31793,ยังไม่ส่ง,ยังไม่ส่ง,ยังไม่ส่ง,ยังไม่ส่ง,ส่งแล้ว,ยังไม่ส่ง,ยังไม่ส่ง,ยังไม่ส่ง,ยังไม่ส่ง
31794,ยังไม่ส่ง,ยังไม่ส่ง,ยังไม่ส่ง,ยังไม่ส่ง,ส่งแล้ว,ยังไม่ส่ง,ยังไม่ส่ง,ยังไม่ส่ง,ยังไม่ส่ง
31795,ส่งแล้ว,ส่งแล้ว,ส่งแล้ว,ส่งแล้ว,ส่งแล้ว,ยังไม่ส่ง,ยังไม่ส่ง,ยังไม่ส่ง,ยังไม่ส่ง
31796,ยังไม่ส่ง,ยังไม่ส่ง,ยังไม่ส่ง,ยังไม่ส่ง,ส่งแล้ว,ยังไม่ส่ง,ยังไม่ส่ง,ยังไม่ส่ง,ยังไม่ส่ง
31797,ส่งแล้ว,ส่งแล้ว,ส่งแล้ว,ส่งแล้ว,ส่งแล้ว,ส่งแล้ว,ส่งแล้ว,ส่งแล้ว,ส่งแล้ว
31798,ยังไม่ส่ง,ยังไม่ส่ง,ยังไม่ส่ง,ยังไม่ส่ง,ส่งแล้ว,ยังไม่ส่ง,ยังไม่ส่ง,ยังไม่ส่ง,ยังไม่ส่ง
,,,,,,,,,
31799,ส่งแล้ว,ส่งแล้ว,ส่งแล้ว,ส่งแล้ว,ส่งแล้ว,ส่งแล้ว,ส่งแล้ว,ส่งแล้ว,ส่งแล้ว
31800,ส่งแล้ว,ส่งแล้ว,ส่งแล้ว,ส่งแล้ว,ส่งแล้ว,ส่งแล้ว,ส่งแล้ว,ส่งแล้ว,ส่งแล้ว
31801,ส่งแล้ว,ส่งแล้ว,ส่งแล้ว,ส่งแล้ว,ส่งแล้ว,ส่งแล้ว,ส่งแล้ว,ส่งแล้ว,ส่งแล้ว
31802,ส่งแล้ว,ส่งแล้ว,ส่งแล้ว,ส่งแล้ว,ส่งแล้ว,ส่งแล้ว,ยังไม่ส่ง,ส่งแล้ว,ส่งแล้ว
31803,ส่งแล้ว,ส่งแล้ว,ส่งแล้ว,ส่งแล้ว,ส่งแล้ว,ยังไม่ส่ง,ยังไม่ส่ง,ยังไม่ส่ง,ยังไม่ส่ง
31804,ส่งแล้ว,,ยังไม่ส่ง,ยังไม่ส่ง,ส่งแล้ว,ยังไม่ส่ง,ยังไม่ส่ง,ยังไม่ส่ง,ยังไม่ส่ง
31805,ส่งแล้ว,ส่งแล้ว,ส่งแล้ว,ส่งแล้ว,ส่งแล้ว,ส่งแล้ว,ส่งแล้ว,ส่งแล้ว,ส่งแล้ว
31806,ส่งแล้ว,ส่งแล้ว,ส่งแล้ว,ส่งแล้ว,ส่งแล้ว,ส่งแล้ว,ส่งแล้ว,ส่งแล้ว,ส่งแล้ว
31807,ส่งแล้ว,ส่งแล้ว,ส่งแล้ว,ส่งแล้ว,ส่งแล้ว,ส่งแล้ว,ส่งแล้ว,ส่งแล้ว,ส่งแล้ว
31808,ส่งแล้ว,ส่งแล้ว,ส่งแล้ว,ส่งแล้ว,ส่งแล้ว,ส่งแล้ว,ส่งแล้ว,ส่งแล้ว,ส่งแล้ว
31809,ส่งแล้ว,ส่งแล้ว,ส่งแล้ว,ส่งแล้ว,ส่งแล้ว,ส่งแล้ว,ส่งแล้ว,ส่งแล้ว,ส่งแล้ว
31810,ส่งแล้ว,ส่งแล้ว,ส่งแล้ว,ส่งแล้ว,ส่งแล้ว,ส่งแล้ว,ส่งแล้ว,ส่งแล้ว,ส่งแล้ว
31811,ส่งแล้ว,ส่งแล้ว,ส่งแล้ว,ส่งแล้ว,ส่งแล้ว,ส่งแล้ว,ส่งแล้ว,ส่งแล้ว,ส่งแล้ว
31812,ส่งแล้ว,ส่งแล้ว,ส่งแล้ว,ส่งแล้ว,ส่งแล้ว,ส่งแล้ว,ส่งแล้ว,ส่งแล้ว,ส่งแล้ว
31813,ส่งแล้ว,ส่งแล้ว,ส่งแล้ว,ส่งแล้ว,ส่งแล้ว,ส่งแล้ว,ส่งแล้ว,ส่งแล้ว,ส่งแล้ว
31814,ส่งแล้ว,ส่งแล้ว,ส่งแล้ว,ส่งแล้ว,ส่งแล้ว,ส่งแล้ว,ส่งแล้ว,ส่งแล้ว,ส่งแล้ว
31815,ส่งแล้ว,ส่งแล้ว,ส่งแล้ว,ส่งแล้ว,ส่งแล้ว,ส่งแล้ว,ส่งแล้ว,ยังไม่ส่ง,ส่งแล้ว
31816,ยังไม่ส่ง,ยังไม่ส่ง,ยังไม่ส่ง,ยังไม่ส่ง,ส่งแล้ว,ยังไม่ส่ง,ยังไม่ส่ง,ยังไม่ส่ง,ยังไม่ส่ง
31817,ส่งแล้ว,ส่งแล้ว,ส่งแล้ว,ส่งแล้ว,ส่งแล้ว,ส่งแล้ว,ส่งแล้ว,ส่งแล้ว,ยังไม่ส่ง
31818,ส่งแล้ว,ส่งแล้ว,ส่งแล้ว,ส่งแล้ว,ส่งแล้ว,ส่งแล้ว,ส่งแล้ว,ส่งแล้ว,ส่งแล้ว
31819,ส่งแล้ว,ส่งแล้ว,ส่งแล้ว,ส่งแล้ว,ส่งแล้ว,ส่งแล้ว,ยังไม่ส่ง,ยังไม่ส่ง,ยังไม่ส่ง
31820,ส่งแล้ว,ส่งแล้ว,ส่งแล้ว,ส่งแล้ว,ส่งแล้ว,ยังไม่ส่ง,ยังไม่ส่ง,ยังไม่ส่ง,ยังไม่ส่ง
31821,ส่งแล้ว,ส่งแล้ว,,ส่งแล้ว,ส่งแล้ว,ยังไม่ส่ง,ส่งแล้ว,ยังไม่ส่ง,ส่งแล้ว
31822,ยังไม่ส่ง,ยังไม่ส่ง,,ส่งแล้ว,ส่งแล้ว,ยังไม่ส่ง,ยังไม่ส่ง,ยังไม่ส่ง,ยังไม่ส่ง
31823,ส่งแล้ว,ส่งแล้ว,ส่งแล้ว,ส่งแล้ว,ส่งแล้ว,ส่งแล้ว,ส่งแล้ว,ส่งแล้ว,ส่งแล้ว
31824,ส่งแล้ว,ส่งแล้ว,ส่งแล้ว,ส่งแล้ว,ส่งแล้ว,ส่งแล้ว,ยังไม่ส่ง,ยังไม่ส่ง,ยังไม่ส่ง
31825,ส่งแล้ว,ส่งแล้ว,ส่งแล้ว,ส่งแล้ว,ส่งแล้ว,ส่งแล้ว,ส่งแล้ว,ส่งแล้ว,ส่งแล้ว
31826,ส่งแล้ว,ส่งแล้ว,ส่งแล้ว,ส่งแล้ว,ส่งแล้ว,ส่งแล้ว,ส่งแล้ว,ส่งแล้ว,ส่งแล้ว
31827,ส่งแล้ว,ส่งแล้ว,ส่งแล้ว,ส่งแล้ว,ส่งแล้ว,ส่งแล้ว,ส่งแล้ว,ส่งแล้ว,ยังไม่ส่ง
31828,ส่งแล้ว,ส่งแล้ว,ส่งแล้ว,ส่งแล้ว,ส่งแล้ว,ส่งแล้ว,ยังไม่ส่ง,ยังไม่ส่ง,ยังไม่ส่ง
31829,ส่งแล้ว,ส่งแล้ว,ส่งแล้ว,ส่งแล้ว,ส่งแล้ว,ส่งแล้ว,ส่งแล้ว,ส่งแล้ว,ส่งแล้ว
31830,ส่งแล้ว,ส่งแล้ว,ส่งแล้ว,ส่งแล้ว,ส่งแล้ว,ส่งแล้ว,ยังไม่ส่ง,ส่งแล้ว,ส่งแล้ว
31831,ส่งแล้ว,ส่งแล้ว,ส่งแล้ว,ส่งแล้ว,ส่งแล้ว,ส่งแล้ว,ส่งแล้ว,ยังไม่ส่ง,ส่งแล้ว
31832,ส่งแล้ว,ส่งแล้ว,ส่งแล้ว,ส่งแล้ว,ส่งแล้ว,ส่งแล้ว,ส่งแล้ว,ยังไม่ส่ง,ส่งแล้ว
31833,ยังไม่ส่ง,ยังไม่ส่ง,ส่งแล้ว,ส่งแล้ว,ส่งแล้ว,ยังไม่ส่ง,ยังไม่ส่ง,ยังไม่ส่ง,ยังไม่ส่ง
31834,ส่งแล้ว,ส่งแล้ว,ส่งแล้ว,ส่งแล้ว,ส่งแล้ว,ส่งแล้ว,ส่งแล้ว,ส่งแล้ว,ส่งแล้ว